S.No,Emp.ID,First Name,Last Name,Fullname,Email,Age,Pay,Title,Reporting Manager
1,101,Anand,Kumar,Anand Kumar,Anand.Kumar@example.com,28,2000,Developer,Sriram n
2,102,Sriram,N,Sriram N,Sriram.N@example.com,34,1500,Manager,Aruna c
3,103,Ramakrishnan,Venkat,Ramakrishnan Venkat,Ramakrishnan.Venkat@example.com,37,1000,Admin,Sriram n
4,104,Aruna,C,Aruna C,aruna.c@example.com,34,2000,Senior manager,Corp
5,105,Utham,Mallaya,Utham Mallaya,Utham.Mallaya@example.com,38,23,Testing,Sriram n
6,110,Test,User,Test User,test.user@example.com,20,500,Testing,Aruna c
7,111,Kim,Mark,Kim Mark,Kim.Mark@example.com,40,100,Supervisor,Aruna c
8,114,Security,Officer,Security Officer,security.officer@example.com,30,1000,Security,Sriram n
9,113,Test,User,Test User,test.user@example.com,18,200,Admin,Sriram n
10,112,Sai,Baba,Sai Baba,sai.baba@example.com,10000000000000,1000000000000000000000000000000000000000000000000,Senior manager,Corp
11,115,Krishna,Kumar,Krishna Kumar,krishna.kumar@example.com,30,3000,Developer,Aruna c
12,120,Ashok,Kumar,Ashok Kumar,Ashok.Kumar@example.com,25,800,Security,Sriram n
13,116,Suresh,Krishnan,Suresh Krishnan,suresh.krishnan@example.com,38,900,Testing,Sriram n
14,121,Shiva,Kumar,Shiva Kumar,Shiva.Kumar@example.com,20,1200,Developer,Sriram n
15,140,Kishore,Kmar,Kishore Kmar,Kishore.Kmar@example.com,18,34,Testing,Aruna c
